"newsletter","date","headline","body"
"datascienceweekly","2022-04-28 23:21:02+00:00","Beyond interpretability: developing a language to shape our relationships with AI","AI will continue becoming more complex, bigger, and smarter. Wouldn‚Äôt it be nice if we could ask it questions to learn how and why it makes its predictions? Unfortunately, we don‚Äôt have a good language to communicate with AI yet...[This post is based on the 2022 ICLR Keynote]..."
"datascienceweekly","2022-04-28 23:21:02+00:00","DALL¬∑E 2 and The Origin of Vibe Shifts","The point of this essay isn‚Äôt about predicting next year‚Äôs design trends. To me the more interesting thing is to understand the ecological process that generates those trends, seeing the true signaling function of visual design, and learning why some corporate status signaling is so effective and why some isn‚Äôt. Projecting further out, it‚Äôs about trying to picture a world where it‚Äôs cheap and easy for anyone to generate just about any kind of image they want...To answer these questions, we‚Äôre going to tap the most well-developed pool of knowledge on the use of costly signals and their evolution over time: biology...."
"datascienceweekly","2022-04-28 23:21:02+00:00","Learning with not Enough Data Part 3: Data Generation","Part 3 of ‚Äúwhat if you don‚Äôt have enough training data‚Äù series - touch base on creating more synthetic data by data augmentation or model generation, as well as some ideas on how to work with noisy labels (given synthetic data might not be fully correct)..."
"datascienceweekly","2022-04-28 23:21:02+00:00","Will It Scale? Applying Data, Science, and Economics to the Art of Ideas","In this interview, John List [chief economist at Walmart & professor of economics at the University of Chicago] discusses some of his new book‚Äôs themes [The Voltage Effect: How to Make Good Ideas Great and Great Ideas Scale], such as the importance of knowing when to quit or pivot, and how practicing the science of scaling can help ensure an idea‚Äôs success. He also shares his thoughts on the relationship between economics and technology, the state of behavioral economics and data science, and the prospect of using AI to reanimate promising, but previously unsuccessful ideas..."
"datascienceweekly","2022-04-28 23:21:02+00:00","Data Science at Stitch Fix","Podcast Interview with Olivia Liao, Senior Director of Data Science at Stitch Fix, a company that uses data science and expert stylists to deliver personalization at scale. We discuss how they blend data science and domain expertise, how they tune recommendations in light of logistics and supply chain constraints, and how they incorporate new developments in large language models, multimodal models and Responsible AI...."
"datascienceweekly","2022-04-28 23:21:02+00:00","Creating Confidence Intervals for Machine Learning Classifiers","This article outlines different methods for creating confidence intervals for machine learning models. Note that these methods also apply to deep learning...it‚Äôs worth highlighting that the big picture is to measure and report uncertainty. Confidence intervals are one way to do that. However, It is also helpful to include the average performance over different dataset splits or random seeds with the variance or standard deviation ‚Äì I sometimes adopt this simpler approach as it is more straightforward to explain. But since this article is about confidence intervals, let‚Äôs define what they are and how we can construct them...."
"datascienceweekly","2022-04-28 23:21:02+00:00","It‚Äôs Our Moral Obligation to Make Data More Accessible","Most of the world‚Äôs data is sitting on a shelf, being used in a very narrow domain. This data, if properly activated, could solve some of the world‚Äôs biggest problems and lead to more health, happiness, and love for society. We could use this data to uncover some of society‚Äôs biggest secrets...Like Marc Andreessen‚Äôs piece, It‚Äôs Time to Build, this piece is a full-throated argument to massively increase the accessibility of data. And we need to do it now..."
"datascienceweekly","2022-04-28 23:21:02+00:00","The StatQuest Introduction to PyTorch [Video]","PyTorch is one of the most popular tools for making Neural Networks. This StatQuest walks you through a simple example of how to use PyTorch one step at a time. By the end of this StatQuest, you'll know how to create a new neural network from scratch, make predictions and graph the output, and optimize a parameter using backpropagation. BAM!!!..."
"datascienceweekly","2022-04-28 23:21:02+00:00","An arxiv-sanity-like view of ICLR 2022 papers","Hi, I am a fan of www.arxiv-sanity.com and like to have similar summaries for conference papers. I have ordered all ICLR2022 papers by rating and created 8-page thumbnails. With ICLR2022 now in full swing, the project can be useful in getting a quick overview of the accepted publications..."
"datascienceweekly","2022-04-28 23:21:02+00:00","Scientists Publish Breakthrough Study in Oreo-Splitting Research","A new study introduces ""Oreology,"" the study of the flow and fracture of sandwich cookies, to investigate if Oreo filling can be evenly split between wafers..."
"datascienceweekly","2022-04-28 23:21:02+00:00","Specification gaming: the flip side of AI ingenuity","Specification gaming is a behaviour that satisfies the literal specification of an objective without achieving the intended outcome...This problem arises in the design of artificial agents. For example, a reinforcement learning agent can find a shortcut to getting lots of reward without completing the task as intended by the human designer. These behaviours are common, and we have collected around 60 examples so far (aggregating existing lists and ongoing contributions from the AI community)...In this post, we review possible causes for specification gaming, share examples of where this happens in practice, and argue for further work on principled approaches to overcoming specification problems..."
"datascienceweekly","2022-04-28 23:21:02+00:00","More Than Meets the Eye: A Closer Look at Encodings in Visualization","Encodings play a central role in visualization, but I believe our thinking about them is too simplistic. In a new paper, I argue that we need to distinguish between the encodings that specify how a visualization is drawn and the ones that are readable or actually read by an observer. While they largely or entirely overlap in some charts (like bar charts or scatterplots) they don‚Äôt in others (pie charts, line charts, etc.). And what exactly do you even specify in more complex visualizations like treemaps?..."
"datascienceweekly","2022-04-28 23:21:02+00:00","What is the value of the p-value? [Slides from the talk]","The debate over the value and interpretation of p-value has endured since the time of its inception nearly 100 years ago. The use and interpretation of p-values vary by a host of factors, especially by discipline. These differences have proven to be a barrier when developing and implementing boundary-crossing clinical and translational science. The purpose of this panel discussion is to discuss misconceptions, debates, and alternatives to the p-value..."
"datascienceweekly","2022-04-28 23:21:02+00:00","Compact word vectors with Bloom embeddings","A high-coverage word embedding table will usually be quite large. One million 32-bit floats occupies 4MB of memory, so one million 300-dimension vectors will be 1.2GB in size. Such a large model size is at least annoying for many applications, while for others it‚Äôs completely prohibitive...Probabilistic data structures are a natural fit for machine learning models, so they‚Äôre quite widely used. However, they‚Äôre definitely unintuitive, which is why we refer to this solution [using a probabilistic data structure ] as a ‚Äúcheat‚Äù. We‚Äôll start by introducing the full algorithm, without dwelling too long on why it works. We‚Äôll then go back and fill in more of the intuition, and then describe how we use it in practice in Thinc, spaCy and floret..."
"datascienceweekly","2022-04-28 23:21:02+00:00","Smitha Shyam, Director of Engineering at Uber:",""
"datascienceweekly","2022-04-28 23:21:02+00:00","Hungryroot is looking for a Data Scientist to join our growing Data Team. As a Data Scientist, you will work closely with other Data Scientists and Data Engineers to develop various Machine Learning models that power Hungryroot and it‚Äôs AI functions. These models include traditional forecasting models, as well as more industry-specific optimization challenges.","  As a Data Scientist at Hungryroot, you will work on answering questions like: how do you tell what food someone would like to eat this week, how do you determine whether they enjoyed it or not, maybe they liked their means last week, but are now looking for different options, maybe they like the same food on Tuesdays, but variety on Fridays, what about spicy food, is Green Chilly as spicy as Green Curry?"
"datascienceweekly","2022-04-28 23:21:02+00:00","Writing production grade code for ML in python [Reddit Discussion]","I have been interviewing for a machine learning lead position. I have successfully passed 3 interview rounds (coding , HR, system design). I have my final interview with the VP of Engineering. When asked how best to prepare myself, they said they would like to test my ability to write ""production quality"" code in python. While I do have some experience, the downside is I worked in small R&D teams for a long time. Though I am knowledgeable in python, perhaps, I might have not followed all the industry best practices...If you are a hiring manager or interviewer, how would you test this ability? How do I prepare myself to prove my ability to write production grade code?..."
"datascienceweekly","2022-04-28 23:21:02+00:00","Parametric vs. Non-parametric tests, and when to use them","Too often the statistical underpinnings of the data science community are overlooked. I‚Äôve been lucky enough to have had both undergraduate and graduate courses dedicated solely to statistics, in addition to growing up with a statistician for a mother. So this article is what will likely be the first of several to share some basic statistical tests and when/where to use them!...A parametric test makes assumptions about a population‚Äôs parameters..."
"datascienceweekly","2022-04-28 23:21:02+00:00","Mathematical Foundations of Monte Carlo Methods","We will try to give a sense of what these Monte Carlo methods are, how they work, why, and what they are used for. This quick introduction, is for readers who do not have the time or the desire to get any further. But you may need to read all the remaining chapters if you are serious about learning what these methods are...This lesson is more an introduction to the mathematical tools upon which the Monte Carlo methods are built. The methods themselves are explained in the next lesson (Monte Carlo Methods in Practice)..."
"datascienceweekly","2022-04-28 23:21:02+00:00","Hands-On Machine Learning with scikit-learn and Scientific Python Toolkits",""
"datascienceweekly","2022-04-21 22:34:45+00:00","Real World Recommendation System - Part 1","Training a collaborative filtering based recommendation system on a toy dataset is a sophomore year project in colleges these days. But where the rubber meets the road is building such a system at scale, deploying in production, and serving live requests within a few hundred milliseconds while the user is waiting for the page to load. To build a system like this, engineers have to make decisions spanning multiple moving layers like..."
"datascienceweekly","2022-04-21 22:34:45+00:00","Advances in Understanding, Improving, and Applying Contrastive Learning","Contrastive learning has emerged as a powerful method for training ML models. In this series of three blog posts, we‚Äôll discuss recent advances in understanding the mechanisms behind contrastive learning. We‚Äôll see how we can use those insights to get better learned representations out of supervised contrastive learning, and see how we can apply contrastive learning to improve long-tailed entity retrieval..."
"datascienceweekly","2022-04-21 22:34:45+00:00","ICLR Conference's First Blogpost Track Experiment was a great success with 20 accepted posts","Our goal is to create a formal call for blog posts at ICLR to incentivize and reward researchers to review past work and summarize the outcomes, develop new intuitions, or highlight some shortcomings...Here are the 20 posts..."
"datascienceweekly","2022-04-21 22:34:45+00:00","Faking It: How to Simulate Complex Data Generation Processes in R, Tidyverse Edition","Data simulation is easily near the top of the long list of useful skills that are seldom taught in social science graduate programs. This is unfortunate given the central role of simulation in model checking, sensitivity analysis, and developing a basic understanding of modeling assumptions and often complex relationships between the phenomena social scientists aspire to understand. My aim in this blog post is thus to provide a basic introduction to data simulation and parameter recovery in R for cross-sectional time series and non-nested data structures commonly encountered in political science and international relations..."
"datascienceweekly","2022-04-21 22:34:45+00:00","Ever wondered how the probability of the null hypothesis being true changes given a significant result?","In a recently accepted paper...we discuss how, using Bayes' rule, one can explore the change in the probability of a null hypothesis being true (call it theta) when you get a significant effect. The paper...shows that theta does not necessarily change much even if you get a significant result. The probability theta can change dramatically under certain conditions, but those conditions are either so stringent or so trivial that it renders many of the significance-based conclusions in psychology and psycholinguistics questionable at the very least...You can do your own simulations...using this shiny app below..."
"datascienceweekly","2022-04-21 22:34:45+00:00","All the talks and the Q&As from the #Outlier2022 Data Viz Conference","All the curated talks, lighting talks and the Q&As from the 2022 edition of the Outlier conference...For all the #dataviz enthusiasts out there. Bookmark this playlist by the @DataVizSociety and @OutlierConf. It contains all the curated talks, lighting talks and the Q&As from the #Outlier2022! #datajournalism..."
"datascienceweekly","2022-04-21 22:34:45+00:00","Bad ML Abstractions I (Generative vs Discriminative Models)","This post is part of a series on bad abstractions in machine learning...Bad Abstraction: There are two types of machine learning models. Discriminative models are trained to separate inputs into classes, while generative models learn a distribution from which they can draw new samples...These two categories are not actually distinct..."
"datascienceweekly","2022-04-21 22:34:45+00:00","A Robot Web for Distributed Many-Device Localisation","We show that a distributed network of robots or other devices which make measurements of each other can collaborate to globally localise via efficient ad-hoc peer to peer communication. Our Robot Web solution is based on Gaussian Belief Propagation on the fundamental non-linear factor graph describing the probabilistic structure of all of the observations robots make internally or of each other, and is flexible for any type of robot, motion or sensor..."
"datascienceweekly","2022-04-21 22:34:45+00:00","Probability Distributions To Be Aware Of For Data Science (With Code)","Knowing the distribution of data helps us better model the world around us. It helps us to determine the likeliness of various outcomes, or make an estimate of the variability of an occurrence. All of this makes knowing different probability distributions extremely valuable in data science & machine learning...In this article, we are going to cover a few distributions and share some Python code to display them visually..."
"datascienceweekly","2022-04-21 22:34:45+00:00","A Tour of Visualization Techniques for Computer Vision Datasets","We survey a number of data visualization techniques for analyzing Computer Vision (CV) datasets. These techniques help us understand properties and latent patterns in such data, by applying dataset-level analysis. We present various examples of how such analysis helps predict the potential impact of the dataset properties on CV models and informs appropriate mitigation of their shortcomings. Finally, we explore avenues for further visualization techniques of different modalities of CV datasets as well as ones that are tailored to support specific CV tasks and analysis needs..."
"datascienceweekly","2022-04-21 22:34:45+00:00","A Physicist‚Äôs View: The Thermodynamics of Machine Learning","Complex systems are ubiquitous in nature, and physicists have found great success using thermodynamics to study these system. Machine learning can be very complex, so can we use thermodynamics to understand it?..."
"datascienceweekly","2022-04-21 22:34:45+00:00","On NYT Magazine on AI: Resist the Urge to be Impressed","On April 15, 2022, Steven Johnson published a piece in the New York Times Magazine entitled ‚ÄúA.I. Is Mastering Language. Should We Trust What It Says?‚Äù...Emily M. Bender, Professor, Linguistics, University of Washington, unpacks a recent NYT Magazine article on the future of AI and language models..."
"datascienceweekly","2022-04-21 22:34:45+00:00","The Distributed Information Bottleneck reveals the explanatory structure of complex systems","The fruits of science are relationships made comprehensible, often by way of approximation. While deep learning is an extremely powerful way to find relationships in data, its use in science has been hindered by the difficulty of understanding the learned relationships. The Information Bottleneck (IB) is an information theoretic framework for understanding a relationship between an input and an output in terms of a trade-off between the fidelity and complexity of approximations to the relationship. Here we show that a crucial modification -- distributing bottlenecks across multiple components of the input -- opens fundamentally new avenues for interpretable deep learning in science..."
"datascienceweekly","2022-04-21 22:34:45+00:00","Comprehensive Guide to GitHub for Data Scientists","The purpose behind this article is to give data scientists / analysts (or any non engineering focused individual) the run down on how to use GitHub and what best practices to adhere too. The tutorial will consist of a combination guidelines using the UI and command line (terminal). The naming convention for Git commands are consistent across the platforms provided by GitHub so the skills should be exchangeable if you prefer to use Github desktop or GitLab instead of the web UI or command line. The following is the outline for the article..."
"datascienceweekly","2022-04-21 22:34:45+00:00","Hungryroot is looking for a Data Scientist to join our growing Data Team. As a Data Scientist, you will work closely with other Data Scientists and Data Engineers to develop various Machine Learning models that power Hungryroot and it‚Äôs AI functions. These models include traditional forecasting models, as well as more industry-specific optimization challenges.","  As a Data Scientist at Hungryroot, you will work on answering questions like: how do you tell what food someone would like to eat this week, how do you determine whether they enjoyed it or not, maybe they liked their means last week, but are now looking for different options, maybe they like the same food on Tuesdays, but variety on Fridays, what about spicy food, is Green Chilly as spicy as Green Curry?"
"datascienceweekly","2022-04-21 22:34:45+00:00","R Graphics Cookbook, 2nd edition","Welcome to the R Graphics Cookbook, a practical guide that provides more than 150 recipes to help you generate high-quality graphs quickly, without having to comb through all the details of R‚Äôs graphing systems. Each recipe tackles a specific problem with a solution you can apply to your own project, and includes a discussion of how and why the recipe works...Read online here for free, or buy a physical copy..."
"datascienceweekly","2022-04-21 22:34:45+00:00","What are Diffusion Models? [Video]","This short tutorial covers the basics of diffusion models, a simple yet expressive approach to generative modeling. They've been behind a recent string of impressive results, including OpenAI's DALL-E 2..."
"datascienceweekly","2022-04-21 22:34:45+00:00","A *simple* introduction to ggplot2 (for plotting your data!)","How ggplot2 works, or learning the basics of ggplot2: data and aesthetics and geometry, oh my!..."
"datascienceweekly","2022-04-21 22:34:45+00:00","Hands-On Machine Learning with scikit-learn and Scientific Python Toolkits",""
"datascienceweekly","2022-04-14 18:42:04+00:00","The Modern Data Stack Ecosystem: Spring 2022 Edition","In this article, we‚Äôll provide an in-depth look at the Modern Data Stack (MDS) ecosystem...We put together this article to highlight the most crucial components of the MDS and the main tools and vendors in each component. This list is not meant to be exhaustive; instead, we‚Äôre focused on compiling feedback and observations from our work with MDS customers to provide a CliffsNotes-style guide that should help people exploring the MDS to understand where to start..."
"datascienceweekly","2022-04-14 18:42:04+00:00","What's next for AlphaFold and the AI protein-folding revolution","DeepMind software that can predict the 3D shape of proteins is already changing biology..."
"datascienceweekly","2022-04-14 18:42:04+00:00","Playing with DALL¬∑E 2","I got access to Dall¬∑E 2 yesterday. Here are some pretty pictures!...My goal was to try to understand what things DE2 could do well, and what things it had trouble understanding or generating. My general hypothesis is that it would do a better job with things that are easy to find on the internet (cute animals, digital scifi things, famous art) and less well with more abstract or more unusual things...Here's how it works..."
"datascienceweekly","2022-04-14 18:42:04+00:00","Curated talks to hear from the best ML thought leaders and practitioners (from organizations like Twitter, Instacart, Stripe, Uber, Walmart, Faire, Snapchat, Wikimedia...)",""
"datascienceweekly","2022-04-14 18:42:04+00:00","The end of Big Data","Databricks, Snowflake, and the end of an overhyped era...Over time, I expect the rest of the industry to follow Snowflake and dbt away from its history of technological hype and up the ‚Äúslope of enlightenment.‚Äù7 For most of us, this looks like embracing what we consider pedestrian, talking about problems and not technologies, and listening to a wider array of professional voices..."
"datascienceweekly","2022-04-14 18:42:04+00:00","Large-Scale Matrix Factorization on TPUs","Matrix factorization is one of the oldest, yet still widely used, techniques for learning how to recommend items such as songs or movies from user ratings. In its basic form, it approximates a large, sparse (i.e., mostly empty) matrix of user-item interactions with a product of two smaller, denser matrices representing learned item and user features...we explore a distributed ALS design that makes efficient use of the TPU architecture and can scale well to matrix factorization problems of the order of billions of rows and columns by scaling the number of available TPU cores..."
"datascienceweekly","2022-04-14 18:42:04+00:00","How to Structure a Data Science Project for Readability and Transparency","It is important to structure your data science project based on a certain standard so that your teammates can easily maintain and modify your project...Wouldn‚Äôt it be nice if you can create an ideal structure for a data science project using a template?...That is why I created a repository name data-science-template. This repository is the result of my years refining the best way to structure a data science project so that it is reproducible and maintainable..."
"datascienceweekly","2022-04-14 18:42:04+00:00","The counter-intuitive rise of Python in scientific computing","In our laboratory, a polarizing debate rages since around 2010, summarized by this question: ""Why are more and more time-critical scientific computations formerly performed in Fortran now written in Python, a slower language?""...The terms are vague, encouraging tribal wars between users based more on their habits than on objective assessments about the two approaches. Let‚Äôs try to give some elements to reach a mutual understanding, by narrowing the question...."
"datascienceweekly","2022-04-14 18:42:04+00:00","Improving Code Reviews with Github‚Äôs Copilot","In this episode, I talk to Paige Bailey, the director of Machine learning and machine learning operations, aka MLOps, at GitHub...We talk about: a) How to help data scientist review their code, b) Using Github Copilot to write and understand code, c) How machine learning can help improve code reviews, and d) How to find security vulnerabilities automatically in code..."
"datascienceweekly","2022-04-14 18:42:04+00:00","You Should Use This to Visualize SQL Joins Instead of Venn Diagrams","A couple weeks ago I published an article about SQL Anti-Joins on Reddit...Not long after I shared it, I got this response: ""Please stop using Venn Diagrams. They confuse people more than they help.""...This piqued my interest since I hadn‚Äôt read or heard of anyone who thought Venn diagrams were a bad way to visualize SQL joins up to this point... decided to write this article after I thought about the arguments from both sides and then found what I think is an underrated visualization for SQL joins that I am calling the checkered flag diagram. üèÅ..."
"datascienceweekly","2022-04-14 18:42:04+00:00","Machine Learning State-of-the-Art with Uncertainties","With the availability of data, hardware, software ecosystem and relevant skill sets, the machine learning community is undergoing a rapid development with new architectures and approaches appearing at high frequency every year. In this article, we conduct an exemplary image classification study in order to demonstrate how confidence intervals around accuracy measurements can greatly enhance the communication of research results as well as impact the reviewing process..."
"datascienceweekly","2022-04-14 18:42:04+00:00","Teaching visualization","I had been teaching visualization for years, to computer science students, informatics students, and occasionally journalism students, and recently overhauled how I do it curriculum-wise, including to focus a little more on ‚Äòvisualizations as model checks‚Äô and visualization for decision making..."
"datascienceweekly","2022-04-14 18:42:04+00:00","Compute Funds and Pre-trained Models","The US National AI Research Resource should provide structured access to models, not just data and compute...This post, authored by Markus Anderljung, Lennart Heim, and Toby Shevlane, argues that a newly proposed US government institution has an opportunity to support ‚Äústructured access‚Äù to large AI models..."
"datascienceweekly","2022-04-14 18:42:04+00:00","The Case for Dataset-Centric Visualization","Different BI tools offer different approaches to building dashboards. On one end of the spectrum, you have tools that prescribe having one query per chart and on the other end you have tools that espouse implementing a complex semantic layer. I believe there's a middle path that lies between both extremes, and I call it the dataset-centric approach..."
"datascienceweekly","2022-04-14 18:42:04+00:00","Build Data Factories, Not Data Warehouses","The data warehouse is a broken metaphor in the modern data stack...We aren‚Äôt loading indistinguishable pallets of data into virtual warehouses, where we stack them in neat rows and columns and then forklift them out onto delivery trucks...Instead, we feed raw data into factories filled with complex assembly lines connected by conveyor belts. Our factories manufacture customized and evolving data products for various internal and external customers..."
"datascienceweekly","2022-04-14 18:42:04+00:00","Hungryroot is looking for a Data Scientist to join our growing Data Team. As a Data Scientist, you will work closely with other Data Scientists and Data Engineers to develop various Machine Learning models that power Hungryroot and it‚Äôs AI functions. These models include traditional forecasting models, as well as more industry-specific optimization challenges."," As a Data Scientist at Hungryroot, you will work on answering questions like: how do you tell what food someone would like to eat this week, how do you determine whether they enjoyed it or not, maybe they liked their means last week, but are now looking for different options, maybe they like the same food on Tuesdays, but variety on Fridays, what about spicy food, is Green Chilly as spicy as Green Curry?"
"datascienceweekly","2022-04-14 18:42:04+00:00","Scruff.jl","Scruff is an AI framework to build agents that sense, reason, and learn in the world using a variety of models. It aims to integrate many different kinds of models in a coherent framework, provide flexibility in spatiotemporal modeling, and provide tools to compose, share, and reuse models and model components..."
"datascienceweekly","2022-04-14 18:42:04+00:00","Understand Machine Learning Through 7 Software Design Patterns","Objects, interfaces, classes, and inheritance are common concepts in the world of Object-Oriented-based software. What is always challenging is to think of different and creative ways to build flexible, reusable software components...Design Patterns are made up for this purpose. They tend to create structures and reuse successful designs and architectures...I am attempting to implement several design patterns while imagining small scenarios in the realm of Machine Learning Development..."
"datascienceweekly","2022-04-14 18:42:04+00:00","An Introduction to Exceedance Probability Forecasting","Exceedance probability forecasting is the problem of estimating the probability that a time series will exceed a predefined threshold in a predefined future period...In a previous post I briefly described 6 problems that arise with time series data, including exceedance probability forecasting. Here I will dive deeper into this task. After some basic definitions I will explain why this problem matters, and how you can apply it in your own time series using Python...."
"datascienceweekly","2022-04-14 18:42:04+00:00","Hands-On Machine Learning with scikit-learn and Scientific Python Toolkits",""
"datascienceweekly","2022-04-07 23:17:07+00:00","There‚Äôs more to data than distributions","Distribution shift is a fundamental challenge in machine learning, and whenever we attempt to deploy machine learning in the real world without considering the way in which that real world environment can change (whether its changes in technology (e.g., software vendors)), changes in population and setting (e.g., new demographics), or changes in behavior (e.g., new reimbursement incentives), then we fail to properly consider the ways in which the data can change or shift between train and test environments. If not considered, the model will inevitably fail...."
"datascienceweekly","2022-04-07 23:17:07+00:00","What I learned from the Data Council 2022 data science conference","I attended the data science/data engineering conference Data Council 2022 this week. This is my first time attending this conference. One thing special about this conference is that there are a lot of startups and investors. There are several interesting themes we noticed..."
"datascienceweekly","2022-04-07 23:17:07+00:00","œÉ-driven project management: when is the optimal time to give up?","Hi! It's your friendly project management theorician. You might remember me from blog posts such as ""Why software projects take longer than you think"", which is a blog post I wrote a long time ago positing that software projects completion time follow a log-normal distribution...My thesis for this blog post is that œÉ is an inherent property of the type of risk you have in your project portfolio, and that different values for œÉ warrants very different types of project management..."
"datascienceweekly","2022-04-07 23:17:07+00:00","Exploring Neural Networks Visually in the Browser","What I wanted for neural networks: A constrained, simplified environment for building basic network topologies and experimenting live to see visually how different layer counts, sizes, activation functions, hyperparameters, etc. impact their functionality and performance...With this goal in mind, I created a browser-based tool for building, training, visualizing, and experimenting with neural networks. Since it runs on the web, I've embedded it directly in this post..."
"datascienceweekly","2022-04-07 23:17:07+00:00","Improving forecasting by learning quantile functions","Learning the complete quantile function, which maps probabilities to variable values, rather than building separate models for each quantile level, enables better optimization of resource trade-offs..."
"datascienceweekly","2022-04-07 23:17:07+00:00","Can Computers Learn Common Sense?","A.I. researchers are making progress on a long-term goal: giving their programs the kind of knowledge we take for granted...."
"datascienceweekly","2022-04-07 23:17:07+00:00","Tech Apprenticeships are opening everywhere! [Twitter Thread]","Tech Apprenticeships are opening everywhere! They are opportunities to pivot to a tech career whether you have a degree or not...üöÄ...Apprenticeships pay YOU to learn the skills while you work and gain mentorship from others...ü•≥...Here are some paying upwards of $3-6K per month.üßµ..."
"datascienceweekly","2022-04-07 23:17:07+00:00","Efficiently Initializing Reinforcement Learning With Prior Policies","A key challenge in Reinforcement Learning is learning policies from scratch in environments with complex tasks. Read how a meta-algorithm, Jump Start Reinforcement Learning, uses prior policies to create a learning curriculum that improves performance..."
"datascienceweekly","2022-04-07 23:17:07+00:00","Andrew Ng: Unbiggen AI","Google Brain co-founder and Landing AI founder Andrew Ng has become an evangelist for what he calls the data-centric AI movement. ‚ÄúCollecting more data often helps,"" he says. ""But if you try to collect more data for everything, that can be a very expensive activity.‚Äù..."
"datascienceweekly","2022-04-07 23:17:07+00:00","Javis.jl - Julia Animations and Visualizations [Video]","Javis.jl is a general purpose animation library which builds on top of the Luxor.jl graphics library...It fills a gap in the Julia ecosystem by providing functionality to create object based animations to communicate complex ideas through simple means. Furthermore, Javis provides the flexibility for users to extend Javis‚Äôs visualizations to a variety of applications. Users are already expressing complicated ideas through winsome domain specific visuals such as planetary motion or brain mapping...."
"datascienceweekly","2022-04-07 23:17:07+00:00","Everything gets a package? Yes, everything gets a package.","I recently read Ethan Rosenthal's Python Data Science setup, and I loved every line of it. His blog post encapsulates some of the best of the ideas that I wrote about in my Data Science Bootstrap knowledge base. In this blog post, I'd like to share my own data science setup and some new tooling that I've been working on to make it easy to achieve the same goals as I have..."
"datascienceweekly","2022-04-07 23:17:07+00:00","Mushrooms communicate with each other using up to 50 ‚Äòwords‚Äô, scientist claims","Professor theorises electrical impulses sent by mycological organisms could be similar to human language..."
"datascienceweekly","2022-04-07 23:17:07+00:00","Institute for AI & Fundamental Interactions Colloquium Series: A path towards human-level intelligence [Video]","Yann LeCun, VP and Chief AI Scientist, Meta talks about ‚ÄúA path towards human-level intelligence‚Äù..."
"datascienceweekly","2022-04-07 23:17:07+00:00","Best of the visualisation web...December 2021","Since 2010 I have compiled and published monthly collections of links to some of the best, most interesting, or thought-provoking data visualisation-related content I come across. These collections are not always published immediately after the month in question has ended, but I try to do so as soon as my workload permits!...Here's a collection of some of the best content I encountered during December 2021..."
"datascienceweekly","2022-04-07 23:17:07+00:00","The electricityMap team is hiring a data engineer to help us build and maintain a scalable data pipeline and database that forms the foundation of our mission to accelerate the energy system to a zero-carbon future.","  In your role, you‚Äôll be making sure the quality and availability of our data is stellar by building and improving our data infrastructure, as well as managing our internal tools. You will also be responsible for managing our machine learning pipelines at scale. We‚Äôre a small team, so you‚Äôll be owning a lot of your own work and initiatives, but we will be there to support you!"
"datascienceweekly","2022-04-07 23:17:07+00:00","How to Make Your Pandas Code Run Faster - Two Pandas Tricks I Wish I‚Äôd Known Earlier","Most of us data scientists, come to use Pandas library at some point of our work. This post is going to present 2 tricks that will make your pandas code run faster. The first is for removing None values, and the second regards extracting a set of values from a certain column..."
"datascienceweekly","2022-04-07 23:17:07+00:00","Complete Step-by-step Particle Swarm Optimization Algorithm from Scratch","And its implementation for solving a nonlinear control theory problem..."
"datascienceweekly","2022-04-07 23:17:07+00:00","K-Medoid Clustering (PAM) Algorithm in Python","A step-by-step tutorial‚Äîwith a solved example..."
"datascienceweekly","2022-04-07 23:17:07+00:00","Hands-On Machine Learning with scikit-learn and Scientific Python Toolkits",""
"datascienceweekly","2022-03-31 23:12:31+00:00","Stop aggregating away the signal in your data","By aggregating our data in an effort to simplify it, we lose the signal and the context we need to make sense of what we‚Äôre seeing...For five years as a data analyst, I forecasted and analyzed Google‚Äôs revenue. For six years as a data visualization specialist, I‚Äôve helped clients and colleagues discover new features of the data they know best. Time and time again, I‚Äôve found that by being more specific about what‚Äôs important to us and embracing the complexity in our data, we can discover new features in that data..."
"datascienceweekly","2022-03-31 23:12:31+00:00","Taking our next step in the City by the Bay","This morning in San Francisco, a fully autonomous all-electric Jaguar I-PACE, with no human driver behind the wheel, picked up a Waymo engineer to get their morning coffee and go to work. Since sharing that we were ready to take the next step and begin testing fully autonomous operations in the city, we‚Äôve begun fully autonomous rides with our San Francisco employees. They now join the thousands of Waymo One riders we‚Äôve been serving in Arizona, making fully autonomous driving technology part of their daily lives..."
"datascienceweekly","2022-03-31 23:12:31+00:00","Graph machine learning with missing node features","Graphs are a core asset at Twitter, describing how users interact with each other through Follows, Tweets, Topics, and conversations. Graph Neural Networks (GNNs) are a powerful tool that allow learning on graphs by leveraging both the topological structure and the feature information for each node. However, GNNs typically run under the assumption of a full set of features available for all nodes...This post aims to show that feature propagation is an efficient and scalable approach for handling missing features in graph machine learning applications and that it works surprisingly well despite its simplicity..."
"datascienceweekly","2022-03-31 23:12:31+00:00","A Roadmap for Big Model","The Beijing Academy of Artificial Intelligence and others have released their 200 page Roadmap for scaling the largest Foundation Models...."
"datascienceweekly","2022-03-31 23:12:31+00:00","Expert opinion: Regulating AI in Europe","The subject of this paper is the European Commission proposal for the Artificial Intelligence Act (‚Äòthe AI Act‚Äô), published on the 21 April 2021 and the draft Council position also since published...It is supported by a policy briefing which provides specific recommendations for EU policymakers for changes to be implemented into the final version of the AI Act. The briefing will also be of interest to global policymakers with an interest in emerging AI regulation..."
"datascienceweekly","2022-03-31 23:12:31+00:00","Using AI to deliver more inclusive biographical content on Wikipedia","Wikipedia, consistently ranked one of the top 10 most visited websites, is often the first stop for many people looking for information about historical figures and changemakers. But not everyone is equally represented on Wikipedia. Only about 20 percent of biographies on the English site are about women, according to the Wikimedia Foundation, and we imagine that percentage is even smaller for women from intersectional groups, such as women in science, women in Africa, and women in Asia...For my PhD project as a computer science student at the Universit√© de Lorraine, CNRS, in France, I worked with my adviser, Claire Gardent, to develop a new way to address this imbalance using artificial intelligence...."
"datascienceweekly","2022-03-31 23:12:31+00:00","How LinkedIn Personalized Performance for Millions of Members using Tensorflow.js","The Performance team at LinkedIn optimizes latency to load web and mobile pages...At LinkedIn we have used the relationship between engagement and speed to selectively customize the features on LinkedIn Lite - a lighter, faster version of LinkedIn, specifically built for mobile web browsers...To do this, we trained a deep neural network to identify if a request to LinkedIn would result in a fast page load in real time..."
"datascienceweekly","2022-03-31 23:12:31+00:00","Exploring Plain Vision Transformer Backbones for Object Detection","We explore the plain, non-hierarchical Vision Transformer (ViT) as a backbone network for object detection...Surprisingly, we observe: (i) it is sufficient to build a simple feature pyramid from a single-scale feature map (without the common FPN design) and (ii) it is sufficient to use window attention (without shifting) aided with very few cross-window propagation blocks..."
"datascienceweekly","2022-03-31 23:12:31+00:00","Are we being too harsh on junior candidates? [Reddit Discussion]","As part of our hiring process for ML Engineers, we're looking for both senior and juniors, but for the latter we request a home task, which is about building an arch and train process for a small dataset, the domain is vision, and we don't expect an actually trained model, but something that shows that the candidate has some basic knowledge...""Mistakes"" people are making..."
"datascienceweekly","2022-03-31 23:12:31+00:00","How Does AI Improve Human Decision-Making? Evidence from the AI-Powered Go Program","How does artificial intelligence (AI) improve human decision-making? Answering this question is challenging because it is difficult to assess the quality of each decision and to disentangle AI‚Äôs influence on decisions...Our analysis of 750,990 moves in 25,033 games by 1,242 professional players reveals that APGs significantly improved the quality of the players‚Äô moves as measured by the changes in winning probability with each move. We also show that the key mechanisms are reductions in the number of human errors and in the magnitude of the most critical mistake during the game..."
"datascienceweekly","2022-03-31 23:12:31+00:00","How do you defend the choice of ML algorithm depending the distribution of the data? [Reddit Discussion]","For example, when is it better to use decision trees instead of SVM or KNN, based on underlying theory/distribution of the data?...I would appreciate any empirical/theoritical advice or references. Thank you..."
"datascienceweekly","2022-03-31 23:12:31+00:00","Domain Specific Architectures for Deep Neural Networks: Three Generations of Tensor Processing Units (TPUs) [Video]","The recent success of deep neural networks (DNN) has inspired a resurgence in domain specific architectures (DSAs) to run them...DNNs have two phases: training, which constructs accurate models, and inference, which serves those models. Google's first generation Tensor Processing Unit (TPUv1) offered 50X improvement in performance per watt over conventional architectures for inference. We naturally asked whether a successor could do the same for training...This talk reviews TPUv1 and explores how Google built the first production DSA supercomputer for the much harder problem of training, which was deployed in 2017..."
"datascienceweekly","2022-03-31 23:12:31+00:00","Deep Neural Networks and Tabular Data: A Survey","This work provides an overview of state of the art deep learning methods for tabular data. We start by categorizing them into three groups: data transformations, specialized architectures, and regularization models. We then provide a comprehensive overview of the main approaches in each group. A discussion of deep learning approaches for generating tabular data is complemented by strategies for explaining deep models on tabular data. Our primary contribution is to address the main research streams and existing methodologies in this area, while highlighting relevant challenges and open research questions..."
"datascienceweekly","2022-03-31 23:12:31+00:00","Data Science at Shopify","This week‚Äôs guest is Wendy Foster, Director of Engineering & Data Science at Shopify. We discussed applications of data science within Shopify, how they organize their data teams, the lifecycle of a data science project within the company, and how they approach emerging challenges like Responsible AI, large language models, and multimodal models..."
"datascienceweekly","2022-03-31 23:12:31+00:00","The electricityMap team is hiring a data engineer to help us build and maintain a scalable data pipeline and database that forms the foundation of our mission to accelerate the energy system to a zero-carbon future.","  In your role, you‚Äôll be making sure the quality and availability of our data is stellar by building and improving our data infrastructure, as well as managing our internal tools. You will also be responsible for managing our machine learning pipelines at scale. We‚Äôre a small team, so you‚Äôll be owning a lot of your own work and initiatives, but we will be there to support you!"
"datascienceweekly","2022-03-31 23:12:31+00:00","Diffusion models explained. How does OpenAI's GLIDE work? [Video]","Diffusion models beat GANs in image synthesis, GLIDE generates images from text descriptions, surpassing even DALL-E in terms of photorealism! Check out this video to learn how diffusion models work. Enjoy the visuals!..."
"datascienceweekly","2022-03-31 23:12:31+00:00","Feature Engineering for Time Series Data","Time series aggregations on the modern data stack..."
"datascienceweekly","2022-03-31 23:12:31+00:00","A detailed guide to colors in data vis style guides","I‚Äôve heard you‚Äôre interested in creating a color palette as part of a data vis style guide. Maybe you decided to use a custom design theme at Datawrapper to make your charts more consistent-looking, and our support team asked you for some colors. Maybe you‚Äôre the first proper data vis designer at your organization, and want to bring order to chaos. Or maybe you want to redesign an existing palette because your requirements have changed...This guide is very extensive ‚Äî and can be a bit overwhelming. If you‚Äôre designing your very first color palette, don‚Äôt sweat. It‚Äôs simple..."
"datascienceweekly","2022-03-31 23:12:31+00:00","Hands-On Machine Learning with scikit-learn and Scientific Python Toolkits",""
"datascienceweekly","2022-03-25 02:50:51+00:00","Algorithmic impact assessment: a case study in healthcare","This report sets out the first-known detailed proposal for the use of an algorithmic impact assessment for data access in a healthcare context ‚Äì the UK National Health Service (NHS)‚Äôs proposed National Medical Imaging Platform (NMIP)...It proposes a process for AIAs, which aims to ensure that algorithmic uses of public-sector data are evaluated and governed to produce benefits for society, governments, public bodies and technology developers, as well as the people represented in the data and affected by the technologies and their outcomes..."
"datascienceweekly","2022-03-25 02:50:51+00:00","Deep Learning on Electronic Medical Records is doomed to fail","A few years ago, I worked on a project to investigate the potential of machine learning to transform healthcare through modeling electronic medical records. I walked away deeply disillusioned with the whole field and I really don‚Äôt think that the field needs machine learning right now. What it does need is plenty of IT support. But even that‚Äôs not enough. Here are some of the structural reasons why I don‚Äôt think deep learning models on EMRs are going to be useful any time soon. ..."
"datascienceweekly","2022-03-25 02:50:51+00:00","What‚Äôs wrong with ‚Äúexplainable A.I.‚Äù","A.I. has an explainability crisis. But it‚Äôs not the one you probably think...‚ÄúEveryone who is serious in the field knows that most of today‚Äôs explainable A.I. is nonsense,‚Äù Zachary Lipton, a computer science professor at Carnegie Mellon University, recently told me..."
"datascienceweekly","2022-03-25 02:50:51+00:00","Efficient Deep Learning: From Theory to Practice","In this thesis, we develop theoretically-grounded algorithms to reduce the size and inference cost of modern, large-scale neural networks. By taking a theoretical approach from first principles, we intend to understand and analytically describe the performance-size trade-offs of deep networks, i.e., the generalization properties..."
"datascienceweekly","2022-03-25 02:50:51+00:00","How a Kalman filter works, in pictures","I have to tell you about the Kalman filter, because what it does is pretty damn amazing...Surprisingly few software engineers and scientists seem to know about it, and that makes me sad because it is such a general and powerful tool for combining information in the presence of uncertainty..."
"datascienceweekly","2022-03-25 02:50:51+00:00","Auto-generated Summaries in Google Docs","We recently announced that Google Docs now automatically generates suggestions to aid document writers in creating content summaries, when they are available. Today we describe how this was enabled using a machine learning (ML) model that comprehends document text and, when confident, generates a 1-2 sentence natural language description of the document content..."
"datascienceweekly","2022-03-25 02:50:51+00:00","Solving for Why","Thanks to large datasets and machine learning, computers have become surprisingly adept at finding statistical relationships among many variables‚Äîand exploiting these patterns to make useful predictions...Yet for many tasks, that is not enough. ""In reality, we often want to not only predict things, but we want to improve things..."
"datascienceweekly","2022-03-25 02:50:51+00:00","Inferring Articulated Rigid Body Dynamics from RGBD Video","Being able to reproduce physical phenomena ranging from light interaction to contact mechanics, simulators are becoming increasingly useful in more and more application domains where real-world interaction or labeled data are difficult to obtain. Despite recent progress, significant human effort is needed to configure simulators to accurately reproduce real-world behavior. We introduce a pipeline that combines inverse rendering with differentiable simulation to create digital twins of real-world articulated mechanisms from depth or RGB videos..."
"datascienceweekly","2022-03-25 02:50:51+00:00","Universities do a terrible job teaching machine learning [twitter thread]","Not only do they give you critically out-of-date information, but they focus most of their time on the least important aspects...Here 5 things everyone in industry WISHES your professor taught you:..."
"datascienceweekly","2022-03-25 02:50:51+00:00","R in Visual Studio Code","The R programming language is a dynamic language built for statistical computing and graphics. R is commonly used in statistical analysis, scientific computing, machine learning, and data visualization...The R extension for Visual Studio Code supports extended syntax highlighting, code completion, linting, formatting, interacting with R terminals, viewing data, plots, workspace variables, help pages, managing packages and working with R Markdown documents..."
"datascienceweekly","2022-03-25 02:50:51+00:00","Assessing Generalization of SGD via Disagreement","Estimating the generalization error of a model ‚Äî how well the model performs on unseen data ‚Äî is a fundamental component in any machine learning system. Generalization performance is traditionally estimated in a supervised manner, by dividing the labeled data into a training set and test set...in many real-world settings, a large amount of unlabeled data is readily available. How can we tap into the rich information in these unlabeled data and leverage them to assess a model‚Äôs performance without labels? In this work (full paper), we demonstrate that a simple procedure can accurately estimate the generalization error with only unlabeled data. ..."
"datascienceweekly","2022-03-25 02:50:51+00:00","Your Policy Regulariser is Secretly an Adversary","Policy regularisation can be interpreted as learning a strategy in the face of an imagined adversary; a decision-making principle which leads to robust policies. In our recent paper, we analyse this adversary and the generalisation guarantees we get from such a policy..."
"datascienceweekly","2022-03-25 02:50:51+00:00","MetaMorph: Learning Universal Controllers with Transformers","Multiple domains like vision, natural language, and audio are witnessing tremendous progress by leveraging Transformers for large scale pre-training followed by task specific fine tuning. In contrast, in robotics we primarily train a single robot for a single task. However, modular robot systems now allow for the flexible combination of general-purpose building blocks into task optimized morphologies...In this work, we propose MetaMorph, a Transformer based approach to learn a universal controller over a modular robot design space..."
"datascienceweekly","2022-03-25 02:50:51+00:00","Sentiment Analysis on News Headlines: Classic Supervised Learning vs Deep Learning Approach","An explanatory guide to develop a binary classifier to detect positive and negative news headlines using classic machine learning and deep learning techniques..."
"datascienceweekly","2022-03-25 02:50:51+00:00","The electricityMap team is hiring a data engineer to help us build and maintain a scalable data pipeline and database that forms the foundation of our mission to accelerate the energy system to a zero-carbon future.","  In your role, you‚Äôll be making sure the quality and availability of our data is stellar by building and improving our data infrastructure, as well as managing our internal tools. You will also be responsible for managing our machine learning pipelines at scale. We‚Äôre a small team, so you‚Äôll be owning a lot of your own work and initiatives, but we will be there to support you!    "
"datascienceweekly","2022-03-25 02:50:51+00:00","ML Course Notes","A place [on GitHub] to collaborate and share course notes on all topics related to machine learning, NLP, and AI...."
"datascienceweekly","2022-03-25 02:50:51+00:00","Step-by-step Approach to Build Your Machine Learning API Using Fast API","No matter how efficient your Machine Learning model is, it will only be useful when it creates value for the Business. This can not happen when it‚Äôs stored in a folder on your computer. In this fast-growing environment, speed and good deployment strategies are required to get your AI solution to the market!...This article explains how Fast APIcan help on that matter. We will start by having a global overview of Fast API and its illustration by creating an API..."
"datascienceweekly","2022-03-25 02:50:51+00:00","Random Forests Algorithm explained with a real-life example and some Python code","Random Forests is a Machine Learning algorithm that tackles one of the biggest problems with Decision Trees: variance..."
"datascienceweekly","2022-03-25 02:50:51+00:00","Hands-On Machine Learning with scikit-learn and Scientific Python Toolkits",""
"datascienceweekly","2022-03-17 22:52:02+00:00","A Deep Dive into NLP Tokenization and Encoding with Word and Sentence Embeddings","This is a deep dive: over 8,000 words long. Don‚Äôt be afraid to bookmark this article and read it in pieces. There is a lot to cover. We will start with basic One-Hot encoding, move on to word2vec word and sentence embeddings, build our own custom embeddings using R, and finally, work with the cutting-edge BERT model and its contextual embeddings..."
"datascienceweekly","2022-03-17 22:52:02+00:00","Making Deep Learning Go Brrrr From First Principles","So, you want to improve the performance of your deep learning model. How might you approach such a task? Often, folk fall back to a grab-bag of tricks that might've worked before or saw on a tweet. ""Use in-place operations! Set gradients to None! Install PyTorch 1.10.0 but not 1.10.1!""...It's understandable why users often take such an ad-hoc approach performance on modern systems (particularly deep learning) often feels as much like alchemy as it does science. That being said, reasoning from first principles can still eliminate broad swathes of approaches, thus making the problem much more approachable...So, if you want to keep your GPUs going brrrr, let's discuss the three components your system might be spending time on - compute, memory bandwidth, and overhead..."
"datascienceweekly","2022-03-17 22:52:02+00:00","Announcing the 2022 AI Index Report","The AI Index is an independent initiative at the Stanford Institute for Human-Centered Artificial Intelligence (HAI), led by the AI Index Steering Committee, an interdisciplinary group of experts from across academia and industry. The annual report tracks, collates, distills, and visualizes data relating to artificial intelligence, enabling decision-makers to take meaningful action to advance AI responsibly and ethically with humans in mind..."
"datascienceweekly","2022-03-17 22:52:02+00:00","The ‚Äú0 / 1 / Done‚Äù Strategy for Data Science","To achieve operational excellence in applied data science delivery aim for: 0-day Handovers, 1-day Prototyping and to declare projects as Done when Completely Done. Work backwards from these goals, conducting a gap analysis between those and current team capabilities, to identify process, tooling and governance initiatives to reach them..."
"datascienceweekly","2022-03-17 22:52:02+00:00","Data salaries at FAANG companies in 2022","What 4000 data points can tell us about the state of data salaries at top tech companies..."
"datascienceweekly","2022-03-17 22:52:02+00:00","What Good Data Product Managers Do ‚Äì And Why You Probably Need One","We are seeing data departments modernize their team structure with data product managers at the helm of such projects...In this article, we‚Äôll walk through: a) What is a data product manager? How did the role evolve?, b) What is a data product?, c) What does a data product manager do? What skills do they need?, d) What background do product managers need? Who do they report to?, e) Data product manager vs product manager, f) Data product manager vs data scientist, and g) The future of the data product manager..."
"datascienceweekly","2022-03-17 22:52:02+00:00","How to Build Effective (and Useful) Dashboards","With practice I have been developing a four-step approach (that I am still fine-tuning) to build dashboards that are, first of all, effective, but also useful...In this article I want to take you through these four steps. Whether you are an experienced analyst building data visualizations all day long or a business user using dashboards from time to time, I hope you will find these guidelines useful..."
"datascienceweekly","2022-03-17 22:52:02+00:00","Future ML Systems Will Be Qualitatively Different","In 1972, the Nobel prize-winning physicist Philip Anderson wrote the essay ""More Is Different"". In it, he argues that quantitative changes can lead to qualitatively different and unexpected phenomena...In this post, I'll argue that emergence often occurs in the field of AI, and that this should significantly affect our intuitions about the long-term development and deployment of AI systems. We should expect weird and surprising phenomena to emerge as we scale up systems. This presents opportunities, but also poses important risks..."
"datascienceweekly","2022-03-17 22:52:02+00:00","Efficient Learning of Safe Driving Policy via Human-AI Copilot Optimization","Our recent #ICLR2022 work develops an efficient Human-in-the-loop learning method called HACO (Human-AI CoPilot), to mentor agents interactively to act and drive while preserving their own curiosity and exploration..."
"datascienceweekly","2022-03-17 22:52:02+00:00","Building systems to securely reason over private data","People today rely on AI systems such as assistants and chatbots to help with countless tasks...For systems to execute these tasks, users must provide them with relevant information ‚Äî such as one‚Äôs location or work calendar. In some cases, however, people would prefer to keep information private, which means not uploading it to cloud-based AI systems or sharing it with others...Meta AI is releasing ConcurrentQA, the first public data set for studying information retrieval and question answering (QA) with data from multiple privacy scopes. Alongside the data set and problem exploration, we have developed a new methodology as a starting point for thinking about privacy in retrieval-based settings called Public-Private Autoregressive Information Retrieval (PAIR)..."
"datascienceweekly","2022-03-17 22:52:02+00:00","Generative Flow Networks","I [Yoshua Bengio] have rarely been as enthusiastic about a new research direction. We call them GFlowNets, for Generative Flow Networks. They live somewhere at the intersection of reinforcement learning, deep generative models and energy-based probabilistic modelling...What I find exciting is that they open so many doors, but in particular for implementing the system 2 inductive biases I have been discussing in many of my papers and talks since 2017, that I argue are important to incorporate causality and deal with out-of-distribution generalization in a rational way..."
"datascienceweekly","2022-03-17 22:52:02+00:00","The promise of AI with Demis Hassabis","Last episode of Season 2 of DeepMind: The Podcast...Hannah wraps up the series by meeting DeepMind co-founder and CEO, Demis Hassabis. In an extended interview, Demis describes why he believes AGI is possible, how we can get there, and the problems he hopes it will solve. Along the way, he highlights the important role of consciousness and why he‚Äôs so optimistic that AI can help solve many of the world‚Äôs major challenges. As a final note, Demis shares the story of a personal meeting with Stephen Hawking to discuss the future of AI and discloses Hawking‚Äôs parting message..."
"datascienceweekly","2022-03-17 22:52:02+00:00","Organizing and scaling an effective data team","Here‚Äôs a high-level sketch of how to organize and scale an effective data team..."
"datascienceweekly","2022-03-17 22:52:02+00:00","Winning at Competitive ML in 2022","Hoping to win a machine learning competition in 2022? Here‚Äôs what you need to know. I collaborated with ML Contests, using their database of over 80 competitions that took place in 2021 across Kaggle, DrivenData, AICrowd, Zindi, and 13 other platforms. Wherever the information was available, we categorized winners to figure out what made them win..."
"datascienceweekly","2022-03-17 22:52:02+00:00","The eBay Ads team focuses on building data / ML services for our advertiser sellers to guide them to optimize for their Ads budget and goals, for example by recommending the right inventory, keywords and Ads bid rate to apply for their campaigns, and eventually create campaigns automatically for advertisers. This is a relatively new area but with a very high business potential and need. It would allow you to work with massive amounts of data and use a variety of data science techniques."," We are looking for someone passionate about deploying reliable and efficient ML services to a production environment at scale. You will collaborate with researchers to invent, design and implement end-to-end production services in Python and Java/Scala using state-of-the-art big data and ML tools. Come and help us blow away the boundaries of e-commerce through AI!   If you are interested in applying, please contact the hiring manager, Dan Schonfeld, at dschonfeld@ebay.com .  "
"datascienceweekly","2022-03-17 22:52:02+00:00","Efficient Transformers: A Survey","Transformer model architectures have garnered immense interest lately due to their effectiveness across a range of domains like language, vision and reinforcement learning...Recently, a dizzying number of ""X-former"" models have been proposed - Reformer, Linformer, Performer, Longformer, to name a few - which improve upon the original Transformer architecture, many of which make improvements around computational and memory efficiency. With the aim of helping the avid researcher navigate this flurry, this paper characterizes a large and thoughtful selection of recent efficiency-flavored ""X-former"" models, providing an organized and comprehensive overview of existing work and models across multiple domains..."
"datascienceweekly","2022-03-17 22:52:02+00:00","GFlowNet Tutorial","A GFlowNet is a trained stochastic policy or generative model, trained such that it samples objects $x$ through a sequence of constructive steps, with probability proportional to $R(x)$, where $R$ is some given non-negative integrable reward function..."
"datascienceweekly","2022-03-17 22:52:02+00:00","The Bayesian Learning Rule","We show that many machine-learning algorithms are specific instances of a single algorithm called the Bayesian learning rule. The rule, derived from Bayesian principles, yields a wide-range of algorithms from fields such as optimization, deep learning, and graphical models. This includes classical algorithms such as ridge regression, Newton's method, and Kalman filter, as well as modern deep-learning algorithms such as stochastic-gradient descent, RMSprop, and Dropout..."
"datascienceweekly","2022-03-17 22:52:02+00:00","Hands-On Machine Learning with scikit-learn and Scientific Python Toolkits",""
"datascienceweekly","2022-03-11 00:04:20+00:00","Deep Learning Is Hitting a Wall","What would it take for artificial intelligence to make real progress?...."
"datascienceweekly","2022-03-11 00:04:20+00:00","MLOps Is a Mess But That's to be Expected","Today machine learning continues to be one of the most talked about and touted technology waves, promising to revolutionize every corner of society...And yet the ecosystem is in a frenzied state...New fundamental science advances come out of every week. Startups and enterprises spray new developer tools into the market trying to capture a chunk of what many speculate to be a market worth between $40-120 billion by 2025...And yet if you‚Äôre just entering the discourse, how do you make sense of it all?...In this post, I want to focus the discussion about the state of machine learning operations (MLOps) today, where we are, where we are going..."
"datascienceweekly","2022-03-11 00:04:20+00:00","Anatomy of an AI System","The Amazon Echo as an anatomical map of human labor, data and planetary resources...This is an interaction with Amazon‚Äôs Echo device. 3 A brief command and a response is the most common form of engagement with this consumer voice-enabled AI device...How can we begin to see it, to grasp its immensity and complexity as a connected form? We start with an outline: an exploded view of a planetary system across three stages of birth, life and death, accompanied by an essay in 21 parts. Together, this becomes an anatomical map of a single AI system..."
"datascienceweekly","2022-03-11 00:04:20+00:00","¬µTransfer: A technique for hyperparameter tuning of enormous neural networks","In this post, we relay how our fundamental research enabled us, for the first time, to tune enormous neural networks that are too expensive to train more than once. We achieved this by showing that a particular parameterization preserves optimal hyperparameters across different model sizes...By greatly reducing the need to guess which training hyperparameters to use, this technique can accelerate research on enormous neural networks, such as GPT-3 and potentially larger successors in the future..."
"datascienceweekly","2022-03-11 00:04:20+00:00","Restoring and attributing ancient texts using deep neural networks","Ancient history relies on disciplines such as epigraphy‚Äîthe study of inscribed texts known as inscriptions‚Äîfor evidence of the thought, language, society and history of past civilizations1. However, over the centuries, many inscriptions have been damaged to the point of illegibility, transported far from their original location and their date of writing is steeped in uncertainty. Here we present Ithaca, a deep neural network for the textual restoration, geographical attribution and chronological attribution of ancient Greek inscriptions. Ithaca is designed to assist and expand the historian‚Äôs workflow..."
"datascienceweekly","2022-03-11 00:04:20+00:00","The 2030 Self-Driving Car Bet","It's my honor to announce that John Carmack and I (Jeff Atwood) have initiated a friendly bet of $10,000* to the 501(c)(3) charity of the winner‚Äôs choice: By January 1st, 2030, completely autonomous self-driving cars meeting SAE J3016 level 5 will be commercially available for passenger use in major cities...I am betting against , and John is betting for ..."
"datascienceweekly","2022-03-11 00:04:20+00:00","Data Visualization Standards","The Data Visualization Standards (DVS) are a collection of guidance and resources to help create better data visualizations with less effort from the US Census Bureau. These standards contain both requirements and recommendations for both novices and experts to follow when creating new data visualizations..."
"datascienceweekly","2022-03-11 00:04:20+00:00","NN Template - Generic template to bootstrap your PyTorch project","Generic cookiecutter template to bootstrap PyTorch projects and to avoid writing boilerplate code to integrate: a) PyTorch Lightning, lightweight PyTorch wrapper for high-performance AI research, b) Hydra, a framework for elegantly configuring complex applications, c) Weights and Biases, organize and analyze machine learning experiments. (educational account available, d) Streamlit, turns data scripts into shareable web apps in minutes, e) MkDocs and Material for MkDocs, a fast, simple and downright gorgeous static site generator, f) DVC, track large files, directories, or ML models. Think ""Git for data"", g) GitHub Actions, to run the tests, publish the documentation and to PyPI automatically, and h) Python best practices for developing and publishing research projects..."
"datascienceweekly","2022-03-11 00:04:20+00:00","A visual introduction to machine learning","n machine learning, computers apply statistical learning techniques to automatically identify patterns in data. These techniques can be used to make highly accurate predictions...Keep scrolling. Using a data set about homes, we will create a machine learning model to distinguish homes in New York from homes in San Francisco..."
"datascienceweekly","2022-03-11 00:04:20+00:00","A Concrete Introduction to Probability (using Python)","This notebook will explore these concepts in a concrete way using Python code. The code is meant to be succint and explicit, and fast enough to handle sample spaces with millions of outcomes. If you need to handle trillions, you'll want a more efficient implementation. I also have another notebook that covers paradoxes in Probability Theory..."
"datascienceweekly","2022-03-11 00:04:20+00:00","CS 329S: Machine Learning Systems Design [Stanford, Winter 2022]","This course aims to provide an iterative framework for developing real-world machine learning systems that are deployable, reliable, and scalable...It starts by considering all stakeholders of each machine learning project and their objectives. Different objectives require different design choices, and this course will discuss the tradeoffs of those choices...Students will learn about data management, data engineering, feature engineering, approaches to model selection, training, scaling, how to continually monitor and deploy changes to ML systems, as well as the human side of ML projects such as team structure and business metrics..."
"datascienceweekly","2022-03-11 00:04:20+00:00","Explainable Machine Learning in NLP: Methods and Evaluation [PDF]","This talk is based on four recent papers: a) The Out-of-Distribution Problem in Explainability and Search Methods for Feature Importance Explanations (2021), b) FastIF: Scalable Influence Functions for Efficient Model Interpretation and Debugging (2021), c) Leakage-Adjusted Simulatability: Can Models Generate Non-Trivial Explanations of Their Behavior in Natural Language? (2020), d) Evaluating Explainable AI: Which Algorithmic Explanations Help Users Predict Model Behavior? (2020)...as well as feflection on these papers and notes from ‚ÄúOpinions on Interpretable Machine Learning and 70 Summaries of Recent Papers‚Äù (2021)..."
"datascienceweekly","2022-03-11 00:04:20+00:00","Rotational AI Science & Engineering (RAISE) Employment Opportunity","RAISE is an 18-month rotational program offering participants full-time employment with the Meta AI team. It is designed to bring a diverse cohort of software engineers with little to no AI/ML experience together from a wide range of industry experiences and backgrounds -- ranging from individual contributors a few years out of school to experienced engineers. After completing the 18-month program, the goal is for RAISE alumni to seamlessly continue their employment at Meta by selecting a permanent Meta AI team to join that aligns with their skills and interests. Throughout the program, all RAISErs are full-time employees, providing each individual with all the benefits of being a software engineer at Meta..."
"datascienceweekly","2022-03-11 00:04:20+00:00","Implicit Kinematic Policies: Unifying Joint and Cartesian Action Spaces in End-to-End Robot Learning","Action representation is an important yet often overlooked aspect in end-to-end robot learning with deep networks. Choosing one action space over another (e.g. target joint positions, or Cartesian end-effector poses) can result in surprisingly stark performance differences between various downstream tasks -- and as a result, considerable research has been devoted to finding the right action space for a given application...in this work, we instead investigate how our models can discover and learn for themselves which action space to use. Leveraging recent work on implicit behavioral cloning, which takes both observations and actions as input, we demonstrate that it is possible to present the same action in multiple different spaces to the same policy -- allowing it to learn inductive patterns from each space....."
"datascienceweekly","2022-03-11 00:04:20+00:00","The electricityMap team is hiring a data engineer to help us build and maintain a scalable data pipeline and database that forms the foundation of our mission to accelerate the energy system to a zero-carbon future.","  Our mission is to organise the world‚Äôs electricity data to drive tangible reductions in carbon emissions. electricityMap started as a popular open-source project 5 years ago and is now used every day by citizens, companies, universities, NGOs, and policy makers around the world to understand and reduce the climate impact of electricity.    You will be joining a fun, international and inclusive team in our mission to tackle climate change ‚Äì while simultaneously building your professional experience in the rapidly growing industry of climate tech..."
"datascienceweekly","2022-03-11 00:04:20+00:00","Hands-On Reinforcement Learning Course (Part 1 of 6)","Let‚Äôs walk this beautiful path from the fundamentals to cutting edge reinforcement learning (RL), step-by-step, with coding examples and tutorials in Python, together!...This first part covers the bare minimum concept and theory you need to embark on this journey. Then, in each following chapter, we will solve a different problem, with increasing difficulty..."
"datascienceweekly","2022-03-11 00:04:20+00:00","Introduction to variational autoencoders","ay we want to fit a model to some data. In mathematical terms, we want to find a distribution pp that maximizes the probability of observed data x \in Xx‚ààX. In this case, we will make the assumption that there is some latent (unobserved) variable zz that affects the production of xx behind the scenes...This document explains methods and challenges for training latent variable models. Our end goal is to derive the variational autoencoder (VAE) framework with justifications for each step along the way..."
"datascienceweekly","2022-03-11 00:04:20+00:00","Google AI for JavaScript developers with TensorFlow.js","Get productive with TensorFlow.js - Google's Machine Learning library for JavaScript. From pre-made off the shelf models to writing or training your own, learn how to create next gen web apps..."
"datascienceweekly","2022-03-11 00:04:20+00:00","Hands-On Machine Learning with scikit-learn and Scientific Python Toolkits",""
"datascienceweekly","2022-03-03 23:50:48+00:00","The Weird and Wonderful World of AI Art","The reality right now is really, really crazy...I don‚Äôt think the majority of AI researchers would even have suspected that these images could be created with current tools. The rapidity of the past year‚Äôs developments have surprised even some of the most bullish technologists...The AI art we had *before* 2021 was intriguing, but tended to be abstract, esoteric, and just not that relatable to a human. The AI art we have *now* is fully controllable, and can be about whatever you want it to be...What changed? Well, there‚Äôs something to be said for the new wave of publicity and interest, which certainly accelerated the pace of our art-generation techniques. But the main development is the rise of **multimodal learning**...."
"datascienceweekly","2022-03-03 23:50:48+00:00","Conversational Agents: Theory and Applications","We provide a review of conversational agents (CAs), discussing chatbots, intended for casual conversation with a user, as well as task-oriented agents that generally engage in discussions intended to reach one or several specific goals, often (but not always) within a specific domain. We also consider the concept of embodied conversational agents, briefly reviewing aspects such as character animation and speech processing....A brief historical overview is given, followed by an extensive overview of various applications, especially in the fields of health and education. We end the chapter by discussing benefits and potential risks regarding the societal impact of current and future CA technology. ..."
"datascienceweekly","2022-03-03 23:50:48+00:00","CX-ToM: Counterfactual Explanations with Theory-of-Mind for Enhancing Human Trust in Image Recognition Models","We propose CX-ToM, short for counterfactual explanations with theory-of mind, a new explainable AI (XAI) framework for explaining decisions made by a deep convolutional neural network (CNN). In contrast to the current methods in XAI that generate explanations as a single shot response, we pose explanation as an iterative communication process, i.e. dialog, between the machine and human user. More concretely, our CX-ToM framework generates sequence of explanations in a dialog by mediating the differences between the minds of machine and human user. To do this, we use Theory of Mind (ToM) which helps us in explicitly modeling human's intention, machine's mind as inferred by the human as well as human's mind as inferred by the machine..."
"datascienceweekly","2022-03-03 23:50:48+00:00","Why it's best to keep software and data analysis repositories separate","There are many best practices behind developing R packages, but one that wasn‚Äôt very clear to me at first when I starting writing my own software was: Software and data analysis repositories are not the same and should be kept in separate places...The problem?...Let me give you an example of something I‚Äôve seen lately..."
"datascienceweekly","2022-03-03 23:50:48+00:00","Data Observability vs. Data Testing: Everything You Need to Know","You already test your data. Do you need data observability, too?...In the article, we highlight when it makes sense to test your data and when it makes sense to rely on observability to catch bugs in your data. He also highlights four ways data observability differs from data testing...While both observability and testing help you achieve reliable and trustworthy data, each method solves for high-quality data differently..."
"datascienceweekly","2022-03-03 23:50:48+00:00","Building a brand as a scientist","Making discoveries and contributing your ideas and/or work are fundamental components of being a scientist (I am treating of the word ‚Äúscientist‚Äù very broadly here). However, another important component of being a scientist is learning how to build your ‚Äúbrand‚Äù as a scientist...Now, lots of people have written about this topic, but I do not think this topic is discussed enough with early career researchers and scientists, in particular at the stage of a graduate student or postdoctoral scientist. However, it can have a potentially large impact on someone‚Äôs career. Therefore, I thought I would write down some of the things I have thought about as important for helping me think about building my own brand..."
"datascienceweekly","2022-03-03 23:50:48+00:00","What's your favorite unpopular/forgotten Machine Learning method? [Reddit Discussion]","It seems there's a lot of attention (ha ha) on developing the most promising methods/models in Machine Learning, but there are a lot of less popular methods that fly under the radar or die out. I want to learn more about the nooks-and-crannies of ML techniques, so in this spirit I have a few questions for discussion!..."
"datascienceweekly","2022-03-03 23:50:48+00:00","Datacast Episode #85 - Ad Exchange, Stream Processing, and Data Discovery with Shinji Kim","Our wide-ranging conversation touches on her Software Engineering education at Waterloo; her time as a Management Consultant at Deloitte; her first entrepreneurship stint building the mobile game Shufflepix that led to working as a product manager at YieldMo; her second startup Concord solving stream processing and being acquired by Akamai; her current journey with Select Star solving the data discovery problems; lessons learned from finding early adopters, hiring, and fundraising; and much more..."
"datascienceweekly","2022-03-03 23:50:48+00:00","Introducing TorchRec, a library for modern production recommendation systems","We are excited to announce TorchRec, a PyTorch domain library for Recommendation Systems. This new library provides common sparsity and parallelism primitives, enabling researchers to build state-of-the-art personalization models and deploy them in production..."
"datascienceweekly","2022-03-03 23:50:48+00:00","ML & Neuroscience: January 2022 must-reads","What can Machine Learning do for Neuroscience? In this new series, we are going to explore the relationship between ML and neuroscience. This month, Oxford, Stanford, UCL, MIT, Fujitsu and Harvard Medical School researchers and their findings in ML and Neuroscience..."
"datascienceweekly","2022-03-03 23:50:48+00:00","Apache Airflow Tutorial for Beginners Part 1: Introduction and local installation [Video]","Today I am going to introduce Apache Airflow and guide you through how to install airflow locally in your python environment to get a properly running airflow on your local machine. By watching this video, you will know: üëâ What is Apache Airflow, üëâ Which problems does it try to solve, üëâ How to install it on your local machine..."
"datascienceweekly","2022-03-03 23:50:48+00:00","A Data-Driven Approach to Understanding How the Brain Works","A meta-analysis of 18,000 fMRI studies challenges neuroscientists‚Äô understanding of brain functions and reaffirms the need for more targeted treatments for mental disorders..."
"datascienceweekly","2022-03-03 23:50:48+00:00","Weaviate Podcast #9: Karen Beckers about the role of vector search in eCommerce","Karen Beckers, Data Scientist from Squadra Machine Learning Company, gives insightful information about how to use vector search in eCommerce in this podcast with Connor Shorten. Some topics are image-based datasets, vector search for data scientists, the future of eCommerce, and many more!..."
"datascienceweekly","2022-03-03 23:50:48+00:00","A Decade of Deep Learning: How the AI Startup Experience Has Evolved","The artificial intelligence field has evolved dramatically since the deep learning revolution kicked off in 2012, and Richard Socher has been around for all of it...In this interview, Socher discusses a number of topics, including: how things have changed for AI startups in the last decade; the differences between doing AI in startups, enterprises, and academia; and how new machine learning techniques, such as transformer models, empower companies to build advanced products with a fraction of the resources they would have needed in the past..."
"datascienceweekly","2022-03-03 23:50:48+00:00","The electricityMap team is hiring a data engineer to help us build and maintain a scalable data pipeline and database that forms the foundation of our mission to accelerate the energy system to a zero-carbon future.","  Our mission is to organise the world‚Äôs electricity data to drive tangible reductions in carbon emissions. electricityMap started as a popular open-source project 5 years ago and is now used every day by citizens, companies, universities, NGOs, and policy makers around the world to understand and reduce the climate impact of electricity.    You will be joining a fun, international and inclusive team in our mission to tackle climate change ‚Äì while simultaneously building your professional experience in the rapidly growing industry of climate tech..."
"datascienceweekly","2022-03-03 23:50:48+00:00","How To Create a SQL Practice Database with Python","We should probably invest some time to learn SQL...But there is just one problem: How to practice querying a database when there is no database, to begin with?...In the following sections, we are going to address this fundamental problem and learn how to create our own MySQL database from scratch. With the help of Python and some external libraries, we will create a simple script that automatically creates and populates our tables with randomly generated data...."
"datascienceweekly","2022-03-03 23:50:48+00:00","Introduction to Continual Learning","This is a tutorial to connect the mathematics and machine learning theory to practical implementations addressing the continual learning problem of artificial intelligence. We will learn this in python by examining and deconstructing a method called elastic weight consolidation (EWC)...."
"datascienceweekly","2022-03-03 23:50:48+00:00","How do Vision Transformers work? ‚Äì Paper explained | multi-head self-attention & convolutions [YouTube Video]","It turns out that multi-head self-attention and convolutions are complementary. So, what makes multi-head self-attention different from convolutions? How and why do Vision Transformers work? In this video, we will find out by explaining the paper ‚ÄúHow Do Vision Transformers Work?‚Äù by Namuk & Kim, 2021...."
"datascienceweekly","2022-03-03 23:50:48+00:00","Hands-On Machine Learning with scikit-learn and Scientific Python Toolkits",""
